Designator,Footprint,Quantity,Value,LCSC Part #
"C1, C13, C15, C8",0603,4,100nF,
"C10, C9",0603,2,0.1uF,
"C11, C12",1206,2,22uF,
"C14, C2",CP_Radial_D10.0mm_P5.00mm,2,470uF,
C16,0603,1,10nF,
C17,CP_Radial_D6.3mm_P2.50mm,1,100uF,
C3,0603,1,DNP,
C4,0603,1,1uF,
"C5, C7",0805,2,10uF,
C6,0603,1,8200pF,
D1,0603,1,5V_R,
D2,0603,1,M1_OUT1_Y,
D3,0603,1,M1_OUT2_Y,
D4,0603,1,M2_OUT1_Y,
D5,DIONM7959X262N,1,SMCJ18CA,
D6,0603,1,M2_OUT2_Y,
D7,0603,1,BAT_R,
F1,SF1206HHA3000R2,1,SF-1206HHA3000R-2,
"IC1, IC3",SOP50P490X110-29N,2,DRV8244SQDGQRQ1,
IC2,SOIC127P600X170-9N,1,TPS54628DDAR,
IC4,SOT65P280X100-8N,1,LTC4365ITS8-1#TRPBF,
J1,Motor_SolderPad_2Pin,1,MOTOR1_OUT,
J2,JST_XH_S5B-XH-A-1_1x05_P2.50mm_Horizontal,1,M1_SPI,
J3,JST_XH_S6B-XH-A-1_1x06_P2.50mm_Horizontal,1,M1_CTRL,
J4,Motor_SolderPad_2Pin,1,MOTOR2_OUT,
J5,JST_XH_S5B-XH-A-1_1x05_P2.50mm_Horizontal,1,M2_SPI,
J6,JST_XH_S6B-XH-A-1_1x06_P2.50mm_Horizontal,1,M2_CTRL,
J7,JST_XH_S6B-XH-A-1_1x06_P2.50mm_Horizontal,1,5V_CON,
J8,Battery_SolderPad_2Pin,1,BAT_CON,
L1,BMRA000606303R3MA1,1,3.3uH,
NT2,Untitled,1,NetTie_2,
"Q1, Q2",TO255P460X1020X2008-3P,2,STP130N6F7,
R1,0603,1,124k,
"R10, R3, R4",0603,3,10k,
R11,0603,1,4.5M,
R12,0603,1,140k,
R13,0603,1,160k,
"R14, R19",0603,2,100k,
"R15, R16",0603,2,10,
R17,0603,1,5.1k,
"R18, R6, R7, R8, R9",0603,5,2.7k,
R2,0603,1,22.1k,
R20,0603,1,18k,
"R5, R_IP1, R_IP2",0603,3,1k,
