Designator,Mid X,Mid Y,Rotation,Layer
C1,86.106,-119.888,90.0,top
C10,122.5845,-97.14,180.0,top
C11,78.5153,-129.3876,180.0,top
C12,97.1793,-114.9604,0.0,top
C13,97.2765,-81.627,180.0,top
C14,114.935,-96.647,180.0,top
C15,79.4512,-133.4505,90.0,top
C16,91.186,-94.7685,0.0,top
C17,97.139,-84.627,180.0,top
C18,89.916,-100.076,180.0,top
C19,97.1793,-113.1824,180.0,top
C2,83.0845,-106.172,180.0,top
C20,109.474,-114.9085,90.0,top
C21,82.7024,-93.4212,180.0,top
C22,114.935,-94.488,180.0,top
C23,97.155,-89.5096,180.0,top
C24,103.09225,-113.9444,270.0,top
C25,100.965,-113.9444,270.0,top
C26,105.2195,-113.9444,270.0,top
C3,78.106,-119.888,90.0,top
C4,91.059,-105.0025,270.0,top
C5,83.0845,-97.536,0.0,top
C6,89.027,-105.0025,270.0,top
C7,69.342,-124.659,180.0,top
C8,85.4456,-133.8569,270.0,top
C9,107.34675,-114.9085,90.0,top
D1,55.259,-134.0615,0.0,top
D2,92.7608,-134.0613,90.0,top
D3,78.312,-113.08,0.0,top
FB1,89.027,-110.363,90.0,top
IC1,102.861,-100.822,0.0,top
IC2,125.857,-104.14,90.0,top
IC3,82.5244,-131.8808,0.0,top
J1,54.2405,-124.7615,270.0,top
J10,58.42,-111.25,270.0,top
J11,139.501,-85.725,90.0,top
J12,126.365,-69.088,180.0,top
J13,59.369,-69.088,180.0,top
J14,137.922,-108.104,90.0,top
J15,75.478,-69.143,180.0,top
J2,53.975,-88.265,0.0,top
J3,96.169,-69.902,180.0,top
J4,80.73675,-150.495,0.0,top
J5,62.076,-150.622,0.0,top
J6,99.3975,-150.804,0.0,top
J7,139.446,-130.282,90.0,top
J8,118.05825,-150.55,0.0,top
J9,136.719,-150.495,0.0,top
JP1,60.833,-81.788,270.0,top
JP2,122.7836,-82.1436,90.0,top
R1,61.2405,-122.174,90.0,top
R10,93.853,-84.582,90.0,top
R11,105.536667,-84.4785,90.0,top
R12,103.568333,-84.4785,90.0,top
R13,107.505,-84.4785,90.0,top
R14,91.5035,-84.582,90.0,top
R15,101.6,-84.4785,90.0,top
R16,89.154,-84.5801,90.0,top
R17,59.7215,-134.0615,180.0,top
R18,92.7608,-130.0988,270.0,top
R19,82.3995,-113.03,180.0,top
R2,61.2405,-127.2615,90.0,top
R20,81.6375,-142.3416,0.0,top
R21,64.1115,-141.986,0.0,top
R22,104.8531,-142.2908,0.0,top
R23,132.8928,-133.5005,90.0,top
R24,132.4356,-127.8617,270.0,top
R25,119.126,-142.367,0.0,top
R26,135.6868,-143.2052,180.0,top
R27,66.959,-112.903,90.0,top
R28,69.469,-112.903,90.0,top
R29,127.2032,-76.5556,180.0,top
R3,123.357,-112.2275,90.0,top
R30,132.715,-98.4485,90.0,top
R31,73.085,-80.54,180.0,top
R32,73.085,-76.835,180.0,top
R33,102.108,-124.714,0.0,top
R34,102.1061,-122.174,0.0,top
R35,107.5925,-124.6632,180.0,top
R36,107.5417,-122.1232,0.0,top
R37,80.5669,-125.73,0.0,top
R4,126.722,-112.24,90.0,top
R5,122.0743,-85.3948,180.0,top
R6,87.9856,-133.8589,90.0,top
R7,87.9856,-129.9464,90.0,top
R8,126.357,-97.14,180.0,top
R9,76.0965,-125.8316,0.0,top
SW1,79.629,-89.535,180.0,top
U1,82.2435,-119.438,180.0,top
U2,64.8905,-124.7615,0.0,top
Y1,83.331,-101.799,180.0,top
